Workbook
Name E_base: Configuración!$C$28
Name hi_ET: Configuración!$B$17
Name N_base: Configuración!$B$28
Name Z_base: Configuración!$D$28

Sheet Configuración
A1: PLANILLA DE RELEVAMIENTO TOPOGRÁFICO
A2: Configuración de equipos y proyecto
A4: DATOS DEL PROYECTO
A5: Proyecto / Obra:
A6: Ubicación:
A7: Operador:
A8: Fecha:
A9: Condiciones climáticas:
A11: ESTACIÓN TOTAL
A12: Marca / Modelo:
A13: Nº de serie:
A14: Precisión angular ("):
... A26: PUNTO DE ESTACIÓN (BASE) - ESTACIÓN TOTAL
A27: Punto | B27: Norte (Y) | C27: Este (X) | D27: Cota (Z) | E27: Azimut inicial (° ' ") | F27: Punto visado atrás
A31: LEYENDA DE COLORES
A32: Celda editable (dato de entrada)
A33: Celda calculada (fórmula, no editar)
A34: Encabezado / información
A35: Alerta / verificación
A38: NOTAS / OBSERVACIONES:

Sheet ET - Polar (crudo)
G1: ESTACIÓN TOTAL — Importación de datos POLARES (crudos)
G2: Ingresar lecturas de campo: ángulos horizontales, verticales (cenital), distancia inclinada, altura de prisma. Se calculan N, E, Z automáticamente.
A4: Punto Estación: | B4: =Configuración!A28 -> 0 | C4: Norte base: | D4: =N_base -> 0 | E4: Este base: | F4: =E_base -> 0 | G4: Cota base: | H4: =Z_base -> 0 | I4: hi (m): | J4: =hi_ET -> 0
A6: Nº | B6: Punto | C6: Ang. Horiz. (grados dec) | D6: Ang. Vert. (grados dec) | E6: Dist. Inclinada (m) | F6: Altura prisma hp (m) | G6: Dist. Horiz. (m) | H6: Dif. Nivel Δh (m) | I6: Norte Y (m) | J6: Este X (m) | K6: Cota Z (m) | L6: Código | M6: Capa/Layer | N6: Observaciones
A7: 1 | B7: P1 | C7: 45.253 | D7: 89.5 | E7: 25.437 | F7: 1.5 | G7: =IF(E7="","",E7*SIN(RADIANS(D7))) -> 25.436031 | H7: =IF(E7="","",E7*COS(RADIANS(D7))) -> 0.22197688 | I7: =IF(E7="","",N_base+G7*COS(RADIANS(C7))) -> 17.906395 | J7: =IF(E7="","",E_base+G7*SIN(RADIANS(C7))) -> 18.065235 | K7: =IF(E7="","",Z_base+hi_ET+H7-F7) -> -1.2780231
A8: 2 | B8: P2 | C8: 92.1015 | D8: 91.2033 | E8: 42.18 | F8: 1.5 | G8: =IF(E8="","",E8*SIN(RADIANS(D8))) -> 42.170698 | H8: =IF(E8="","",E8*COS(RADIANS(D8))) -> -0.88578013 | I8: =IF(E8="","",N_base+G8*COS(RADIANS(C8))) -> -1.5463941 | J8: =IF(E8="","",E_base+G8*SIN(RADIANS(C8))) -> 42.142336 | K8: =IF(E8="","",Z_base+hi_ET+H8-F8) -> -2.3857801
A9: 3 | B9: P3 | C9: 178.45 | D9: 88.4515 | E9: 60.755 | G9: =IF(E9="","",E9*SIN(RADIANS(D9))) -> 60.732813 | H9: =IF(E9="","",E9*COS(RADIANS(D9))) -> 1.6417905 | I9: =IF(E9="","",N_base+G9*COS(RADIANS(C9))) -> -60.710591 | J9: =IF(E9="","",E_base+G9*SIN(RADIANS(C9))) -> 1.6427803 | K9: =IF(E9="","",Z_base+hi_ET+H9-F9) -> 1.6417905
A10: 4 | G10: =IF(E10="","",E10*SIN(RADIANS(D10))) | H10: =IF(E10="","",E10*COS(RADIANS(D10))) | I10: =IF(E10="","",N_base+G10*COS(RADIANS(C10))) | J10: =IF(E10="","",E_base+G10*SIN(RADIANS(C10))) | K10: =IF(E10="","",Z_base+hi_ET+H10-F10)
A11: 5 | G11: =IF(E11="","",E11*SIN(RADIANS(D11))) | H11: =IF(E11="","",E11*COS(RADIANS(D11))) | I11: =IF(E11="","",N_base+G11*COS(RADIANS(C11))) | J11: =IF(E11="","",E_base+G11*SIN(RADIANS(C11))) | K11: =IF(E11="","",Z_base+hi_ET+H11-F11)
A12: 6 | G12: =IF(E12="","",E12*SIN(RADIANS(D12))) | H12: =IF(E12="","",E12*COS(RADIANS(D12))) | I12: =IF(E12="","",N_base+G12*COS(RADIANS(C12))) | J12: =IF(E12="","",E_base+G12*SIN(RADIANS(C12))) | K12: =IF(E12="","",Z_base+hi_ET+H12-F12)
A13: 7 | G13: =IF(E13="","",E13*SIN(RADIANS(D13))) | H13: =IF(E13="","",E13*COS(RADIANS(D13))) | I13: =IF(E13="","",N_base+G13*COS(RADIANS(C13))) | J13: =IF(E13="","",E_base+G13*SIN(RADIANS(C13))) | K13: =IF(E13="","",Z_base+hi_ET+H13-F13)
A14: 8 | G14: =IF(E14="","",E14*SIN(RADIANS(D14))) | H14: =IF(E14="","",E14*COS(RADIANS(D14))) | I14: =IF(E14="","",N_base+G14*COS(RADIANS(C14))) | J14: =IF(E14="","",E_base+G14*SIN(RADIANS(C14))) | K14: =IF(E14="","",Z_base+hi_ET+H14-F14)
A15: 9 | G15: =IF(E15="","",E15*SIN(RADIANS(D15))) | H15: =IF(E15="","",E15*COS(RADIANS(D15))) | I15: =IF(E15="","",N_base+G15*COS(RADIANS(C15))) | J15: =IF(E15="","",E_base+G15*SIN(RADIANS(C15))) | K15: =IF(E15="","",Z_base+hi_ET+H15-F15)
A16: 10 | G16: =IF(E16="","",E16*SIN(RADIANS(D16))) | H16: =IF(E16="","",E16*COS(RADIANS(D16))) | I16: =IF(E16="","",N_base+G16*COS(RADIANS(C16))) | J16: =IF(E16="","",E_base+G16*SIN(RADIANS(C16))) | K16: =IF(E16="","",Z_base+hi_ET+H16-F16)
A17: 11 | G17: =IF(E17="","",E17*SIN(RADIANS(D17))) | H17: =IF(E17="","",E17*COS(RADIANS(D17))) | I17: =IF(E17="","",N_base+G17*COS(RADIANS(C17))) | J17: =IF(E17="","",E_base+G17*SIN(RADIANS(C17))) | K17: =IF(E17="","",Z_base+hi_ET+H17-F17)
A18: 12 | G18: =IF(E18="","",E18*SIN(RADIANS(D18))) | H18: =IF(E18="","",E18*COS(RADIANS(D18))) | I18: =IF(E18="","",N_base+G18*COS(RADIANS(C18))) | J18: =IF(E18="","",E_base+G18*SIN(RADIANS(C18))) | K18: =IF(E18="","",Z_base+hi_ET+H18-F18)
A19: 13 | G19: =IF(E19="","",E19*SIN(RADIANS(D19))) | H19: =IF(E19="","",E19*COS(RADIANS(D19))) | I19: =IF(E19="","",N_base+G19*COS(RADIANS(C19))) | J19: =IF(E19="","",E_base+G19*SIN(RADIANS(C19))) | K19: =IF(E19="","",Z_base+hi_ET+H19-F19)
A20: 14 | G20: =IF(E20="","",E20*SIN(RADIANS(D20))) | H20: =IF(E20="","",E20*COS(RADIANS(D20))) | I20: =IF(E20="","",N_base+G20*COS(RADIANS(C20))) | J20: =IF(E20="","",E_base+G20*SIN(RADIANS(C20))) | K20: =IF(E20="","",Z_base+hi_ET+H20-F20)
A21: 15 | G21: =IF(E21="","",E21*SIN(RADIANS(D21))) | H21: =IF(E21="","",E21*COS(RADIANS(D21))) | I21: =IF(E21="","",N_base+G21*COS(RADIANS(C21))) | J21: =IF(E21="","",E_base+G21*SIN(RADIANS(C21))) | K21: =IF(E21="","",Z_base+hi_ET+H21-F21)
... A206: 200 | G206: =IF(E206="","",E206*SIN(RADIANS(D206))) | H206: =IF(E206="","",E206*COS(RADIANS(D206))) | I206: =IF(E206="","",N_base+G206*COS(RADIANS(C206))) | J206: =IF(E206="","",E_base+G206*SIN(RADIANS(C206))) | K206: =IF(E206="","",Z_base+hi_ET+H206-F206)

Sheet ET - Rectangular (PNEZD)
E1: ESTACIÓN TOTAL — Importación directa PNEZD (Punto, N, E, Z, Descripción)
E2: Pegar aquí los puntos ya calculados por la estación total. Compatible con formatos PENZD/PNEZD de Leica, Sokkia, Topcon, Trimble. | J2: RESUMEN
J3: Puntos cargados: | L3: =COUNTA(B7:B306) -> 0
A4: TIP: Para importar desde archivo .csv/.txt exportado del equipo, usar Datos → Desde texto/CSV; delimitador = coma o espacio. | J4: Cota mínima: | L4: =IFERROR(MIN(E7:E306),"") -> 0
J5: Cota máxima: | L5: =IFERROR(MAX(E7:E306),"") -> 0
A6: Nº | B6: Punto | C6: Norte Y (m) | D6: Este X (m) | E6: Cota Z (m) | F6: Código | G6: Capa/Layer | H6: Observaciones | J6: Cota promedio: | L6: =IFERROR(AVERAGE(E7:E306),"")
A7: 1 | J7: Desnivel total (m): | L7: =IFERROR(MAX(E7:E306)-MIN(E7:E306),"") -> 0
A8: 2
A9: 3
A10: 4
A11: 5
A12: 6
A13: 7
A14: 8
A15: 9
A16: 10
A17: 11
A18: 12
A19: 13
... A306: 300

Sheet Nivel - Altura Instrumento
G1: NIVELACIÓN — Método de Altura de Instrumento (HI)
G2: Cargar lecturas de mira. La planilla calcula automáticamente la altura del instrumento y la cota de cada punto. Incluye compensación de error de cierre.
J3: Distancia total (m): | K3: =SUM(C7:C66) -> 543
A4: BM inicial — Punto: | B4: BM1 | C4: Cota BM (m): | D4: 100 | E4: BM cierre — Punto: | F4: BM1 | G4: Cota cierre teórica (m): | H4: 100 | J4: Error de cierre (m): | K4: =IFERROR(LOOKUP(2,1/(H7:H66<>""),H7:H66)-H4,"") -> -0.743
J5: Suma L. Atrás: | K5: =SUM(D7:D66) -> 3.942
A6: Nº | B6: Punto | C6: Distancia (m) | D6: L. Atrás (+) | E6: L. Intermedia | F6: L. Adelante (−) | G6: Altura Instr. HI (m) | H6: Cota calculada (m) | I6: Corrección (m) | J6: Σ L. Adelante (cambios): | K6: =SUM(F7:F66) -> 4.685
A7: 1 | B7: BM1 | C7: 0 | D7: 1.545 | G7: =IF(D7="","",$D$4+D7) -> 101.545 | H7: =$D$4 -> 100 | I7: =IFERROR(IF(C7="","",-1*$K$4*(C7/$K$3)),"") -> 0 | J7: Verificación ΣA − ΣAd: | K7: =K5-K6 -> -0.743
A8: 2 | B8: P1 | C8: 25 | E8: 2.13 | G8: =IF(D8<>"",H8+D8,IF(OR(E8<>"",F8<>""),G7,"")) -> 101.545 | H8: =IF(F8<>"",G7-F8,IF(E8<>"",G7-E8,IF(D8<>"",H7,""))) -> 99.415 | I8: =IFERROR(IF(C8="","",-1*$K$4*(C8/$K$3)),"") -> 0.034208103 | J8: Tolerancia (mm) [±k·√L]: | K8: 10
A9: 3 | B9: P2 | C9: 52 | F9: 0.89 | G9: =IF(D9<>"",H9+D9,IF(OR(E9<>"",F9<>""),G8,"")) -> 101.545 | H9: =IF(F9<>"",G8-F9,IF(E9<>"",G8-E9,IF(D9<>"",H8,""))) -> 100.655 | I9: =IFERROR(IF(C9="","",-1*$K$4*(C9/$K$3)),"") -> 0.071152855 | J9: Tolerancia calculada (m): | K9: =(K8/1000)*SQRT(K3/1000) -> 0.0073688534
A10: 4 | B10: P2 | C10: 52 | D10: 1.412 | G10: =IF(D10<>"",H10+D10,IF(OR(E10<>"",F10<>""),G9,"")) -> 102.067 | H10: =IF(F10<>"",G9-F10,IF(E10<>"",G9-E10,IF(D10<>"",H9,""))) -> 100.655 | I10: =IFERROR(IF(C10="","",-1*$K$4*(C10/$K$3)),"") -> 0.071152855 | J10: ¿Cumple tolerancia? | K10: =IF(ABS(K4)<=K9,"✓ SÍ","✗ NO") -> ✗ NO
A11: 5 | B11: P3 | C11: 78 | E11: 1.875 | G11: =IF(D11<>"",H11+D11,IF(OR(E11<>"",F11<>""),G10,"")) -> 102.067 | H11: =IF(F11<>"",G10-F11,IF(E11<>"",G10-E11,IF(D11<>"",H10,""))) -> 100.192 | I11: =IFERROR(IF(C11="","",-1*$K$4*(C11/$K$3)),"") -> 0.10672928 | J11: =IFERROR(IF(H11="","",H11+I11),"") -> 100.29873
A12: 6 | B12: P4 | C12: 103 | F12: 2.245 | G12: =IF(D12<>"",H12+D12,IF(OR(E12<>"",F12<>""),G11,"")) -> 102.067 | H12: =IF(F12<>"",G11-F12,IF(E12<>"",G11-E12,IF(D12<>"",H11,""))) -> 99.822 | I12: =IFERROR(IF(C12="","",-1*$K$4*(C12/$K$3)),"") -> 0.14093738 | J12: =IFERROR(IF(H12="","",H12+I12),"") -> 99.962937 | K12: Cambio de estación
A13: 7 | B13: P4 | C13: 103 | D13: 0.985 | G13: =IF(D13<>"",H13+D13,IF(OR(E13<>"",F13<>""),G12,"")) -> 100.807 | H13: =IF(F13<>"",G12-F13,IF(E13<>"",G12-E13,IF(D13<>"",H12,""))) -> 99.822 | I13: =IFERROR(IF(C13="","",-1*$K$4*(C13/$K$3)),"") -> 0.14093738 | J13: =IFERROR(IF(H13="","",H13+I13),"") -> 99.962937
A14: 8 | B14: BM1 | C14: 130 | F14: 1.55 | G14: =IF(D14<>"",H14+D14,IF(OR(E14<>"",F14<>""),G13,"")) -> 100.807 | H14: =IF(F14<>"",G13-F14,IF(E14<>"",G13-E14,IF(D14<>"",H13,""))) -> 99.257 | I14: =IFERROR(IF(C14="","",-1*$K$4*(C14/$K$3)),"") -> 0.17788214 | J14: =IFERROR(IF(H14="","",H14+I14),"") -> 99.434882 | K14: Cierre
A15: 9 | G15: =IF(D15<>"",H15+D15,IF(OR(E15<>"",F15<>""),G14,"")) | H15: =IF(F15<>"",G14-F15,IF(E15<>"",G14-E15,IF(D15<>"",H14,""))) | I15: =IFERROR(IF(C15="","",-1*$K$4*(C15/$K$3)),"") | J15: =IFERROR(IF(H15="","",H15+I15),"")
A16: 10 | G16: =IF(D16<>"",H16+D16,IF(OR(E16<>"",F16<>""),G15,"")) | H16: =IF(F16<>"",G15-F16,IF(E16<>"",G15-E16,IF(D16<>"",H15,""))) | I16: =IFERROR(IF(C16="","",-1*$K$4*(C16/$K$3)),"") | J16: =IFERROR(IF(H16="","",H16+I16),"")
A17: 11 | G17: =IF(D17<>"",H17+D17,IF(OR(E17<>"",F17<>""),G16,"")) | H17: =IF(F17<>"",G16-F17,IF(E17<>"",G16-E17,IF(D17<>"",H16,""))) | I17: =IFERROR(IF(C17="","",-1*$K$4*(C17/$K$3)),"") | J17: =IFERROR(IF(H17="","",H17+I17),"")
A18: 12 | G18: =IF(D18<>"",H18+D18,IF(OR(E18<>"",F18<>""),G17,"")) | H18: =IF(F18<>"",G17-F18,IF(E18<>"",G17-E18,IF(D18<>"",H17,""))) | I18: =IFERROR(IF(C18="","",-1*$K$4*(C18/$K$3)),"") | J18: =IFERROR(IF(H18="","",H18+I18),"")
A19: 13 | G19: =IF(D19<>"",H19+D19,IF(OR(E19<>"",F19<>""),G18,"")) | H19: =IF(F19<>"",G18-F19,IF(E19<>"",G18-E19,IF(D19<>"",H18,""))) | I19: =IFERROR(IF(C19="","",-1*$K$4*(C19/$K$3)),"") | J19: =IFERROR(IF(H19="","",H19+I19),"")
A20: 14 | G20: =IF(D20<>"",H20+D20,IF(OR(E20<>"",F20<>""),G19,"")) | H20: =IF(F20<>"",G19-F20,IF(E20<>"",G19-E20,IF(D20<>"",H19,""))) | I20: =IFERROR(IF(C20="","",-1*$K$4*(C20/$K$3)),"") | J20: =IFERROR(IF(H20="","",H20+I20),"")
A21: 15 | G21: =IF(D21<>"",H21+D21,IF(OR(E21<>"",F21<>""),G20,"")) | H21: =IF(F21<>"",G20-F21,IF(E21<>"",G20-E21,IF(D21<>"",H20,""))) | I21: =IFERROR(IF(C21="","",-1*$K$4*(C21/$K$3)),"") | J21: =IFERROR(IF(H21="","",H21+I21),"")
A22: 16 | G22: =IF(D22<>"",H22+D22,IF(OR(E22<>"",F22<>""),G21,"")) | H22: =IF(F22<>"",G21-F22,IF(E22<>"",G21-E22,IF(D22<>"",H21,""))) | I22: =IFERROR(IF(C22="","",-1*$K$4*(C22/$K$3)),"") | J22: =IFERROR(IF(H22="","",H22+I22),"")
A23: 17 | G23: =IF(D23<>"",H23+D23,IF(OR(E23<>"",F23<>""),G22,"")) | H23: =IF(F23<>"",G22-F23,IF(E23<>"",G22-E23,IF(D23<>"",H22,""))) | I23: =IFERROR(IF(C23="","",-1*$K$4*(C23/$K$3)),"") | J23: =IFERROR(IF(H23="","",H23+I23),"")
A24: 18 | G24: =IF(D24<>"",H24+D24,IF(OR(E24<>"",F24<>""),G23,"")) | H24: =IF(F24<>"",G23-F24,IF(E24<>"",G23-E24,IF(D24<>"",H23,""))) | I24: =IFERROR(IF(C24="","",-1*$K$4*(C24/$K$3)),"") | J24: =IFERROR(IF(H24="","",H24+I24),"")
A25: 19 | G25: =IF(D25<>"",H25+D25,IF(OR(E25<>"",F25<>""),G24,"")) | H25: =IF(F25<>"",G24-F25,IF(E25<>"",G24-E25,IF(D25<>"",H24,""))) | I25: =IFERROR(IF(C25="","",-1*$K$4*(C25/$K$3)),"") | J25: =IFERROR(IF(H25="","",H25+I25),"")
A26: 20 | G26: =IF(D26<>"",H26+D26,IF(OR(E26<>"",F26<>""),G25,"")) | H26: =IF(F26<>"",G25-F26,IF(E26<>"",G25-E26,IF(D26<>"",H25,""))) | I26: =IFERROR(IF(C26="","",-1*$K$4*(C26/$K$3)),"") | J26: =IFERROR(IF(H26="","",H26+I26),"")
... A66: 60 | G66: =IF(D66<>"",H66+D66,IF(OR(E66<>"",F66<>""),G65,"")) | H66: =IF(F66<>"",G65-F66,IF(E66<>"",G65-E66,IF(D66<>"",H65,""))) | I66: =IFERROR(IF(C66="","",-1*$K$4*(C66/$K$3)),"") | J66: =IFERROR(IF(H66="","",H66+I66),"")

Sheet Nivel - Diferencias
F1: NIVELACIÓN — Método de Diferencias (±)
F2: Método por diferencias de lecturas. Δh = L.Atrás − L.Adelante. Cota_{i} = Cota_{i-1} + Δh. Incluye compensación proporcional a distancias.
I3: Distancia total (m): | J3: =SUM(D7:D86) -> 0
A4: BM inicial: | B4: BM1 | C4: Cota BM (m): | D4: 100 | E4: Cota cierre teórica (m): | F4: 100 | I4: Error de cierre (m): | J4: =IFERROR(LOOKUP(2,1/(H7:H86<>""),H7:H86)-F4,"")
A6: Nº | B6: Estación | C6: Punto adelante | D6: Distancia (m) | E6: L. Atrás (m) | F6: L. Adelante (m) | G6: Δh = A − Ad (m) | H6: Cota calculada (m) | I6: Corrección (m) | J6: Cota compensada (m)
A7: 1 | G7: =IF(OR(E7="",F7=""),"",E7-F7) | H7: =IF(G7="","",$D$4+G7) | I7: =IFERROR(IF(D7="","",-1*$J$4*(D7/$J$3)),"") | J7: =IFERROR(IF(H7="","",H7+I7),"")
A8: 2 | G8: =IF(OR(E8="",F8=""),"",E8-F8) | H8: =IF(G8="","",IF(H7="",$D$4+G8,H7+G8)) | I8: =IFERROR(IF(D8="","",-1*$J$4*(D8/$J$3)),"") | J8: =IFERROR(IF(H8="","",IF(J7="",$D$4+G8+I8,J7+G8+I8)),"")
A9: 3 | G9: =IF(OR(E9="",F9=""),"",E9-F9) | H9: =IF(G9="","",IF(H8="",$D$4+G9,H8+G9)) | I9: =IFERROR(IF(D9="","",-1*$J$4*(D9/$J$3)),"") | J9: =IFERROR(IF(H9="","",IF(J8="",$D$4+G9+I9,J8+G9+I9)),"")
A10: 4 | G10: =IF(OR(E10="",F10=""),"",E10-F10) | H10: =IF(G10="","",IF(H9="",$D$4+G10,H9+G10)) | I10: =IFERROR(IF(D10="","",-1*$J$4*(D10/$J$3)),"") | J10: =IFERROR(IF(H10="","",IF(J9="",$D$4+G10+I10,J9+G10+I10)),"")
A11: 5 | G11: =IF(OR(E11="",F11=""),"",E11-F11) | H11: =IF(G11="","",IF(H10="",$D$4+G11,H10+G11)) | I11: =IFERROR(IF(D11="","",-1*$J$4*(D11/$J$3)),"") | J11: =IFERROR(IF(H11="","",IF(J10="",$D$4+G11+I11,J10+G11+I11)),"")
A12: 6 | G12: =IF(OR(E12="",F12=""),"",E12-F12) | H12: =IF(G12="","",IF(H11="",$D$4+G12,H11+G12)) | I12: =IFERROR(IF(D12="","",-1*$J$4*(D12/$J$3)),"") | J12: =IFERROR(IF(H12="","",IF(J11="",$D$4+G12+I12,J11+G12+I12)),"")
A13: 7 | G13: =IF(OR(E13="",F13=""),"",E13-F13) | H13: =IF(G13="","",IF(H12="",$D$4+G13,H12+G13)) | I13: =IFERROR(IF(D13="","",-1*$J$4*(D13/$J$3)),"") | J13: =IFERROR(IF(H13="","",IF(J12="",$D$4+G13+I13,J12+G13+I13)),"")
A14: 8 | G14: =IF(OR(E14="",F14=""),"",E14-F14) | H14: =IF(G14="","",IF(H13="",$D$4+G14,H13+G14)) | I14: =IFERROR(IF(D14="","",-1*$J$4*(D14/$J$3)),"") | J14: =IFERROR(IF(H14="","",IF(J13="",$D$4+G14+I14,J13+G14+I14)),"")
A15: 9 | G15: =IF(OR(E15="",F15=""),"",E15-F15) | H15: =IF(G15="","",IF(H14="",$D$4+G15,H14+G15)) | I15: =IFERROR(IF(D15="","",-1*$J$4*(D15/$J$3)),"") | J15: =IFERROR(IF(H15="","",IF(J14="",$D$4+G15+I15,J14+G15+I15)),"")
A16: 10 | G16: =IF(OR(E16="",F16=""),"",E16-F16) | H16: =IF(G16="","",IF(H15="",$D$4+G16,H15+G16)) | I16: =IFERROR(IF(D16="","",-1*$J$4*(D16/$J$3)),"") | J16: =IFERROR(IF(H16="","",IF(J15="",$D$4+G16+I16,J15+G16+I16)),"")
A17: 11 | G17: =IF(OR(E17="",F17=""),"",E17-F17) | H17: =IF(G17="","",IF(H16="",$D$4+G17,H16+G17)) | I17: =IFERROR(IF(D17="","",-1*$J$4*(D17/$J$3)),"") | J17: =IFERROR(IF(H17="","",IF(J16="",$D$4+G17+I17,J16+G17+I17)),"")
A18: 12 | G18: =IF(OR(E18="",F18=""),"",E18-F18) | H18: =IF(G18="","",IF(H17="",$D$4+G18,H17+G18)) | I18: =IFERROR(IF(D18="","",-1*$J$4*(D18/$J$3)),"") | J18: =IFERROR(IF(H18="","",IF(J17="",$D$4+G18+I18,J17+G18+I18)),"")
A19: 13 | G19: =IF(OR(E19="",F19=""),"",E19-F19) | H19: =IF(G19="","",IF(H18="",$D$4+G19,H18+G19)) | I19: =IFERROR(IF(D19="","",-1*$J$4*(D19/$J$3)),"") | J19: =IFERROR(IF(H19="","",IF(J18="",$D$4+G19+I19,J18+G19+I19)),"")
... A86: 80 | G86: =IF(OR(E86="",F86=""),"",E86-F86) | H86: =IF(G86="","",IF(H85="",$D$4+G86,H85+G86)) | I86: =IFERROR(IF(D86="","",-1*$J$4*(D86/$J$3)),"") | J86: =IFERROR(IF(H86="","",IF(J85="",$D$4+G86+I86,J85+G86+I86)),"")

Sheet Resumen Puntos
A1: RESUMEN DE PUNTOS RELEVADOS
A2: Consolidación automática de puntos exportables a CAD/BIM. Compilado desde ET Polar, ET Rectangular y Nivelaciones.
A4: Nº | B4: Punto | C4: Norte Y | D4: Este X | E4: Cota Z | F4: Código | G4: Fuente | H4: Observaciones
A5: 1 | B5: =IF('ET - Rectangular (PNEZD)'!B7="","",'ET - Rectangular (PNEZD)'!B7) | C5: =IF('ET - Rectangular (PNEZD)'!C7="","",'ET - Rectangular (PNEZD)'!C7) | D5: =IF('ET - Rectangular (PNEZD)'!D7="","",'ET - Rectangular (PNEZD)'!D7) | E5: =IF('ET - Rectangular (PNEZD)'!E7="","",'ET - Rectangular (PNEZD)'!E7) | F5: =IF('ET - Rectangular (PNEZD)'!F7="","",'ET - Rectangular (PNEZD)'!F7) | G5: =IF(B5="","","ET Rect.") | H5: =IF('ET - Rectangular (PNEZD)'!H7="","",'ET - Rectangular (PNEZD)'!H7)
A6: 2 | B6: =IF('ET - Rectangular (PNEZD)'!B8="","",'ET - Rectangular (PNEZD)'!B8) | C6: =IF('ET - Rectangular (PNEZD)'!C8="","",'ET - Rectangular (PNEZD)'!C8) | D6: =IF('ET - Rectangular (PNEZD)'!D8="","",'ET - Rectangular (PNEZD)'!D8) | E6: =IF('ET - Rectangular (PNEZD)'!E8="","",'ET - Rectangular (PNEZD)'!E8) | F6: =IF('ET - Rectangular (PNEZD)'!F8="","",'ET - Rectangular (PNEZD)'!F8) | G6: =IF(B6="","","ET Rect.") | H6: =IF('ET - Rectangular (PNEZD)'!H8="","",'ET - Rectangular (PNEZD)'!H8)
A7: 3 | B7: =IF('ET - Rectangular (PNEZD)'!B9="","",'ET - Rectangular (PNEZD)'!B9) | C7: =IF('ET - Rectangular (PNEZD)'!C9="","",'ET - Rectangular (PNEZD)'!C9) | D7: =IF('ET - Rectangular (PNEZD)'!D9="","",'ET - Rectangular (PNEZD)'!D9) | E7: =IF('ET - Rectangular (PNEZD)'!E9="","",'ET - Rectangular (PNEZD)'!E9) | F7: =IF('ET - Rectangular (PNEZD)'!F9="","",'ET - Rectangular (PNEZD)'!F9) | G7: =IF(B7="","","ET Rect.") | H7: =IF('ET - Rectangular (PNEZD)'!H9="","",'ET - Rectangular (PNEZD)'!H9)
A8: 4 | B8: =IF('ET - Rectangular (PNEZD)'!B10="","",'ET - Rectangular (PNEZD)'!B10) | C8: =IF('ET - Rectangular (PNEZD)'!C10="","",'ET - Rectangular (PNEZD)'!C10) | D8: =IF('ET - Rectangular (PNEZD)'!D10="","",'ET - Rectangular (PNEZD)'!D10) | E8: =IF('ET - Rectangular (PNEZD)'!E10="","",'ET - Rectangular (PNEZD)'!E10) | F8: =IF('ET - Rectangular (PNEZD)'!F10="","",'ET - Rectangular (PNEZD)'!F10) | G8: =IF(B8="","","ET Rect.") | H8: =IF('ET - Rectangular (PNEZD)'!H10="","",'ET - Rectangular (PNEZD)'!H10)
A9: 5 | B9: =IF('ET - Rectangular (PNEZD)'!B11="","",'ET - Rectangular (PNEZD)'!B11) | C9: =IF('ET - Rectangular (PNEZD)'!C11="","",'ET - Rectangular (PNEZD)'!C11) | D9: =IF('ET - Rectangular (PNEZD)'!D11="","",'ET - Rectangular (PNEZD)'!D11) | E9: =IF('ET - Rectangular (PNEZD)'!E11="","",'ET - Rectangular (PNEZD)'!E11) | F9: =IF('ET - Rectangular (PNEZD)'!F11="","",'ET - Rectangular (PNEZD)'!F11) | G9: =IF(B9="","","ET Rect.") | H9: =IF('ET - Rectangular (PNEZD)'!H11="","",'ET - Rectangular (PNEZD)'!H11)
A10: 6 | B10: =IF('ET - Rectangular (PNEZD)'!B12="","",'ET - Rectangular (PNEZD)'!B12) | C10: =IF('ET - Rectangular (PNEZD)'!C12="","",'ET - Rectangular (PNEZD)'!C12) | D10: =IF('ET - Rectangular (PNEZD)'!D12="","",'ET - Rectangular (PNEZD)'!D12) | E10: =IF('ET - Rectangular (PNEZD)'!E12="","",'ET - Rectangular (PNEZD)'!E12) | F10: =IF('ET - Rectangular (PNEZD)'!F12="","",'ET - Rectangular (PNEZD)'!F12) | G10: =IF(B10="","","ET Rect.") | H10: =IF('ET - Rectangular (PNEZD)'!H12="","",'ET - Rectangular (PNEZD)'!H12)
A11: 7 | B11: =IF('ET - Rectangular (PNEZD)'!B13="","",'ET - Rectangular (PNEZD)'!B13) | C11: =IF('ET - Rectangular (PNEZD)'!C13="","",'ET - Rectangular (PNEZD)'!C13) | D11: =IF('ET - Rectangular (PNEZD)'!D13="","",'ET - Rectangular (PNEZD)'!D13) | E11: =IF('ET - Rectangular (PNEZD)'!E13="","",'ET - Rectangular (PNEZD)'!E13) | F11: =IF('ET - Rectangular (PNEZD)'!F13="","",'ET - Rectangular (PNEZD)'!F13) | G11: =IF(B11="","","ET Rect.") | H11: =IF('ET - Rectangular (PNEZD)'!H13="","",'ET - Rectangular (PNEZD)'!H13)
A12: 8 | B12: =IF('ET - Rectangular (PNEZD)'!B14="","",'ET - Rectangular (PNEZD)'!B14) | C12: =IF('ET - Rectangular (PNEZD)'!C14="","",'ET - Rectangular (PNEZD)'!C14) | D12: =IF('ET - Rectangular (PNEZD)'!D14="","",'ET - Rectangular (PNEZD)'!D14) | E12: =IF('ET - Rectangular (PNEZD)'!E14="","",'ET - Rectangular (PNEZD)'!E14) | F12: =IF('ET - Rectangular (PNEZD)'!F14="","",'ET - Rectangular (PNEZD)'!F14) | G12: =IF(B12="","","ET Rect.") | H12: =IF('ET - Rectangular (PNEZD)'!H14="","",'ET - Rectangular (PNEZD)'!H14)
A13: 9 | B13: =IF('ET - Rectangular (PNEZD)'!B15="","",'ET - Rectangular (PNEZD)'!B15) | C13: =IF('ET - Rectangular (PNEZD)'!C15="","",'ET - Rectangular (PNEZD)'!C15) | D13: =IF('ET - Rectangular (PNEZD)'!D15="","",'ET - Rectangular (PNEZD)'!D15) | E13: =IF('ET - Rectangular (PNEZD)'!E15="","",'ET - Rectangular (PNEZD)'!E15) | F13: =IF('ET - Rectangular (PNEZD)'!F15="","",'ET - Rectangular (PNEZD)'!F15) | G13: =IF(B13="","","ET Rect.") | H13: =IF('ET - Rectangular (PNEZD)'!H15="","",'ET - Rectangular (PNEZD)'!H15)
A14: 10 | B14: =IF('ET - Rectangular (PNEZD)'!B16="","",'ET - Rectangular (PNEZD)'!B16) | C14: =IF('ET - Rectangular (PNEZD)'!C16="","",'ET - Rectangular (PNEZD)'!C16) | D14: =IF('ET - Rectangular (PNEZD)'!D16="","",'ET - Rectangular (PNEZD)'!D16) | E14: =IF('ET - Rectangular (PNEZD)'!E16="","",'ET - Rectangular (PNEZD)'!E16) | F14: =IF('ET - Rectangular (PNEZD)'!F16="","",'ET - Rectangular (PNEZD)'!F16) | G14: =IF(B14="","","ET Rect.") | H14: =IF('ET - Rectangular (PNEZD)'!H16="","",'ET - Rectangular (PNEZD)'!H16)
A15: 11 | B15: =IF('ET - Rectangular (PNEZD)'!B17="","",'ET - Rectangular (PNEZD)'!B17) | C15: =IF('ET - Rectangular (PNEZD)'!C17="","",'ET - Rectangular (PNEZD)'!C17) | D15: =IF('ET - Rectangular (PNEZD)'!D17="","",'ET - Rectangular (PNEZD)'!D17) | E15: =IF('ET - Rectangular (PNEZD)'!E17="","",'ET - Rectangular (PNEZD)'!E17) | F15: =IF('ET - Rectangular (PNEZD)'!F17="","",'ET - Rectangular (PNEZD)'!F17) | G15: =IF(B15="","","ET Rect.") | H15: =IF('ET - Rectangular (PNEZD)'!H17="","",'ET - Rectangular (PNEZD)'!H17)
A16: 12 | B16: =IF('ET - Rectangular (PNEZD)'!B18="","",'ET - Rectangular (PNEZD)'!B18) | C16: =IF('ET - Rectangular (PNEZD)'!C18="","",'ET - Rectangular (PNEZD)'!C18) | D16: =IF('ET - Rectangular (PNEZD)'!D18="","",'ET - Rectangular (PNEZD)'!D18) | E16: =IF('ET - Rectangular (PNEZD)'!E18="","",'ET - Rectangular (PNEZD)'!E18) | F16: =IF('ET - Rectangular (PNEZD)'!F18="","",'ET - Rectangular (PNEZD)'!F18) | G16: =IF(B16="","","ET Rect.") | H16: =IF('ET - Rectangular (PNEZD)'!H18="","",'ET - Rectangular (PNEZD)'!H18)
... A204: 200 | B204: =IF('ET - Rectangular (PNEZD)'!B206="","",'ET - Rectangular (PNEZD)'!B206) | C204: =IF('ET - Rectangular (PNEZD)'!C206="","",'ET - Rectangular (PNEZD)'!C206) | D204: =IF('ET - Rectangular (PNEZD)'!D206="","",'ET - Rectangular (PNEZD)'!D206) | E204: =IF('ET - Rectangular (PNEZD)'!E206="","",'ET - Rectangular (PNEZD)'!E206) | F204: =IF('ET - Rectangular (PNEZD)'!F206="","",'ET - Rectangular (PNEZD)'!F206) | G204: =IF(B204="","","ET Rect.") | H204: =IF('ET - Rectangular (PNEZD)'!H206="","",'ET - Rectangular (PNEZD)'!H206)
